Handle,Title,Body (HTML),Vendor,Product Category,Type,Tags,Published,Option1 Name,Option1 Value,Variant SKU,Variant Grams,Variant Inventory Tracker,Variant Inventory Qty,Variant Inventory Policy,Variant Fulfilment Service,Variant Price,Variant Requires Shipping,Variant Taxable,Variant Barcode,SEO Title,SEO Description,Status,Metafield: supplement.form [single_line_text_field],Metafield: supplement.servings [number_integer],Metafield: supplement.recommended_daily_portion [single_line_text_field],Metafield: supplement.ingredients_draft [multi_line_text_field],Metafield: supplement.allergens_draft [single_line_text_field],Metafield: supplement.cautions_draft [multi_line_text_field],Metafield: supplement.image_packshot [single_line_text_field],Metafield: supplement.image_lifestyle [single_line_text_field]
vitamin-d3-25-mcg,"Vitamin D3 25 µg","<p>Vitamin D3 food supplement in vegan tablets.</p><p><strong>Draft daily portion:</strong> one tablet.</p><p>Do not exceed the stated recommended daily dose. Food supplements should not be used as a substitute for a varied, balanced diet and a healthy lifestyle. Keep out of reach of young children.</p>","Double Helix","Health & Beauty > Health Care > Vitamins & Supplements","Food supplement","double-helix,daily essentials,vitamin d,vegan",FALSE,"Title","Default Title","DH-VD3-001",45,"shopify",100,"deny","manual",9.95,TRUE,TRUE,,"Vitamin D3 25 µg | Double Helix","Vegan vitamin D3 food supplement. 120 tablets.",DRAFT,"120 vegan tablets",120,"1 tablet","Vitamin D3 (cholecalciferol), bulking agent (microcrystalline cellulose), anti-caking agents (magnesium salts of fatty acids, silicon dioxide).","None declared.","Consult a healthcare professional before use if pregnant, breastfeeding, taking medication, or under medical supervision.","double-helix-vitamin-d3-packshot.png","double-helix-vitamin-d3-lifestyle.png"
vitamin-c-zinc,"Vitamin C + Zinc","<p>Vitamin C and zinc food supplement in tablets.</p><p><strong>Draft daily portion:</strong> one tablet.</p><p>Do not exceed the stated recommended daily dose. Food supplements should not be used as a substitute for a varied, balanced diet and a healthy lifestyle. Keep out of reach of young children.</p>","Double Helix","Health & Beauty > Health Care > Vitamins & Supplements","Food supplement","double-helix,daily essentials,vitamin c,zinc,vegan",FALSE,"Title","Default Title","DH-CZ-002",75,"shopify",100,"deny","manual",11.95,TRUE,TRUE,,"Vitamin C + Zinc | Double Helix","Vitamin C and zinc food supplement. 90 tablets.",DRAFT,"90 tablets",90,"1 tablet","L-ascorbic acid, bulking agents (microcrystalline cellulose, dicalcium phosphate), zinc citrate, anti-caking agents (magnesium salts of fatty acids, silicon dioxide).","None declared.","Do not use with other zinc-containing supplements unless advised by a healthcare professional.","double-helix-vitamin-c-zinc-packshot.png","double-helix-vitamin-c-zinc-lifestyle.png"
daily-multivitamin,"Daily Multivitamin","<p>Daily multivitamin and mineral food supplement in tablets.</p><p><strong>Draft daily portion:</strong> one tablet.</p><p>Do not exceed the stated recommended daily dose. Food supplements should not be used as a substitute for a varied, balanced diet and a healthy lifestyle. Keep out of reach of young children.</p>","Double Helix","Health & Beauty > Health Care > Vitamins & Supplements","Food supplement","double-helix,daily essentials,multivitamin,vegan",FALSE,"Title","Default Title","DH-MULTI-003",90,"shopify",100,"deny","manual",14.95,TRUE,TRUE,,"Daily Multivitamin | Double Helix","Daily multivitamin and mineral food supplement. 90 tablets.",DRAFT,"90 tablets",90,"1 tablet","Vitamins and minerals blend (vitamin C, niacin, vitamin E, pantothenic acid, vitamin B6, thiamin, riboflavin, vitamin A, folic acid, biotin, vitamin D3, vitamin B12, zinc, iron, manganese, copper, iodine, selenium, chromium), bulking agents (microcrystalline cellulose, dicalcium phosphate), anti-caking agents (magnesium salts of fatty acids, silicon dioxide).","None declared.","Contains vitamin A. Do not use with other vitamin A-containing supplements unless advised by a healthcare professional.","double-helix-daily-multivitamin-packshot.png","double-helix-daily-multivitamin-lifestyle.png"
b-complex,"B-Complex","<p>B-vitamin food supplement in capsules.</p><p><strong>Draft daily portion:</strong> one capsule.</p><p>Do not exceed the stated recommended daily dose. Food supplements should not be used as a substitute for a varied, balanced diet and a healthy lifestyle. Keep out of reach of young children.</p>","Double Helix","Health & Beauty > Health Care > Vitamins & Supplements","Food supplement","double-helix,daily essentials,b vitamins,vegan",FALSE,"Title","Default Title","DH-BCX-004",45,"shopify",100,"deny","manual",12.95,TRUE,TRUE,,"B-Complex | Double Helix","B-vitamin food supplement. 60 capsules.",DRAFT,"60 vegan capsules",60,"1 capsule","Choline bitartrate, inositol, capsule shell (hydroxypropyl methylcellulose), niacin, pantothenic acid, vitamin B6, thiamin, riboflavin, folic acid, biotin, vitamin B12, anti-caking agent (magnesium salts of fatty acids).","None declared.","Do not use with other high-dose vitamin B6 supplements unless advised by a healthcare professional.","double-helix-b-complex-packshot.png","double-helix-b-complex-lifestyle.png"
magnesium-glycinate,"Magnesium Glycinate","<p>Magnesium food supplement in capsules.</p><p><strong>Draft daily portion:</strong> two capsules.</p><p>Do not exceed the stated recommended daily dose. Food supplements should not be used as a substitute for a varied, balanced diet and a healthy lifestyle. Keep out of reach of young children.</p>","Double Helix","Health & Beauty > Health Care > Vitamins & Supplements","Food supplement","double-helix,daily essentials,magnesium,vegan",FALSE,"Title","Default Title","DH-MAG-005",65,"shopify",100,"deny","manual",17.95,TRUE,TRUE,,"Magnesium Glycinate | Double Helix","Magnesium food supplement. 90 capsules.",DRAFT,"90 vegan capsules",45,"2 capsules","Magnesium bisglycinate, capsule shell (hydroxypropyl methylcellulose), rice flour, anti-caking agent (magnesium salts of fatty acids).","None declared.","High supplemental magnesium intake may cause mild stomach upset in sensitive individuals.","double-helix-magnesium-glycinate-packshot.png","double-helix-magnesium-glycinate-lifestyle.png"
calcium-d3-k2,"Calcium + D3 + K2","<p>Calcium, vitamin D3 and vitamin K2 food supplement in tablets.</p><p><strong>Draft daily portion:</strong> two tablets.</p><p>Do not exceed the stated recommended daily dose. Food supplements should not be used as a substitute for a varied, balanced diet and a healthy lifestyle. Keep out of reach of young children.</p>","Double Helix","Health & Beauty > Health Care > Vitamins & Supplements","Food supplement","double-helix,daily essentials,calcium,vitamin d,vitamin k",FALSE,"Title","Default Title","DH-CAK-006",120,"shopify",100,"deny","manual",16.95,TRUE,TRUE,,"Calcium + D3 + K2 | Double Helix","Calcium, vitamin D3 and K2 food supplement. 90 tablets.",DRAFT,"90 tablets",45,"2 tablets","Calcium carbonate, bulking agent (microcrystalline cellulose), vitamin D3, vitamin K2 (menaquinone-7), anti-caking agents (magnesium salts of fatty acids, silicon dioxide).","None declared.","Consult a healthcare professional before use if taking anticoagulant medication.","double-helix-calcium-d3-k2-packshot.png","double-helix-calcium-d3-k2-lifestyle.png"
gentle-iron-vitamin-c,"Gentle Iron + Vitamin C","<p>Iron and vitamin C food supplement in capsules.</p><p><strong>Draft daily portion:</strong> one capsule.</p><p>Do not exceed the stated recommended daily dose. Food supplements should not be used as a substitute for a varied, balanced diet and a healthy lifestyle. Keep out of reach of young children.</p>","Double Helix","Health & Beauty > Health Care > Vitamins & Supplements","Food supplement","double-helix,daily essentials,iron,vitamin c,vegan",FALSE,"Title","Default Title","DH-IRON-007",45,"shopify",100,"deny","manual",13.95,TRUE,TRUE,,"Gentle Iron + Vitamin C | Double Helix","Iron and vitamin C food supplement. 60 capsules.",DRAFT,"60 vegan capsules",60,"1 capsule","Vitamin C (L-ascorbic acid), iron bisglycinate, capsule shell (hydroxypropyl methylcellulose), rice flour, anti-caking agent (magnesium salts of fatty acids).","None declared.","Keep iron-containing products out of reach of young children. Consult a healthcare professional before use if taking medication or managing a medical condition.","double-helix-gentle-iron-packshot.png","double-helix-gentle-iron-lifestyle.png"
zinc-picolinate,"Zinc Picolinate","<p>Zinc food supplement in tablets.</p><p><strong>Draft daily portion:</strong> one tablet.</p><p>Do not exceed the stated recommended daily dose. Food supplements should not be used as a substitute for a varied, balanced diet and a healthy lifestyle. Keep out of reach of young children.</p>","Double Helix","Health & Beauty > Health Care > Vitamins & Supplements","Food supplement","double-helix,daily essentials,zinc,vegan",FALSE,"Title","Default Title","DH-ZINC-008",45,"shopify",100,"deny","manual",10.95,TRUE,TRUE,,"Zinc Picolinate | Double Helix","Zinc food supplement. 90 tablets.",DRAFT,"90 tablets",90,"1 tablet","Bulking agent (microcrystalline cellulose), zinc picolinate, anti-caking agents (magnesium salts of fatty acids, silicon dioxide).","None declared.","Do not use with other zinc-containing supplements unless advised by a healthcare professional.","double-helix-zinc-picolinate-packshot.png","double-helix-zinc-picolinate-lifestyle.png"
selenium,"Selenium","<p>Selenium food supplement in tablets.</p><p><strong>Draft daily portion:</strong> one tablet.</p><p>Do not exceed the stated recommended daily dose. Food supplements should not be used as a substitute for a varied, balanced diet and a healthy lifestyle. Keep out of reach of young children.</p>","Double Helix","Health & Beauty > Health Care > Vitamins & Supplements","Food supplement","double-helix,daily essentials,selenium,vegan",FALSE,"Title","Default Title","DH-SEL-009",45,"shopify",100,"deny","manual",9.95,TRUE,TRUE,,"Selenium | Double Helix","Selenium food supplement. 90 tablets.",DRAFT,"90 tablets",90,"1 tablet","Bulking agent (microcrystalline cellulose), L-selenomethionine, anti-caking agents (magnesium salts of fatty acids, silicon dioxide).","None declared.","Do not use with other selenium-containing supplements unless advised by a healthcare professional.","double-helix-selenium-packshot.png","double-helix-selenium-lifestyle.png"
omega-3-fish-oil,"Omega-3 Fish Oil","<p>Omega-3 fish oil food supplement in softgels.</p><p><strong>Draft daily portion:</strong> two softgels.</p><p>Do not exceed the stated recommended daily dose. Food supplements should not be used as a substitute for a varied, balanced diet and a healthy lifestyle. Keep out of reach of young children.</p>","Double Helix","Health & Beauty > Health Care > Vitamins & Supplements","Food supplement","double-helix,omega 3,fish oil,softgels",FALSE,"Title","Default Title","DH-FISH-010",55,"shopify",100,"deny","manual",18.95,TRUE,TRUE,,"Omega-3 Fish Oil | Double Helix","Omega-3 fish oil food supplement. 60 softgels.",DRAFT,"60 softgels",30,"2 softgels","Fish oil concentrate, softgel shell (gelatine, glycerol), antioxidant (mixed tocopherols).","Contains FISH.","Consult a healthcare professional before use if taking anticoagulant medication or before surgery.","double-helix-omega-3-fish-oil-packshot.png","double-helix-omega-3-fish-oil-lifestyle.png"
omega-3-algae-oil,"Omega-3 Algae Oil","<p>Vegan omega-3 algae oil food supplement in softgels.</p><p><strong>Draft daily portion:</strong> two softgels.</p><p>Do not exceed the stated recommended daily dose. Food supplements should not be used as a substitute for a varied, balanced diet and a healthy lifestyle. Keep out of reach of young children.</p>","Double Helix","Health & Beauty > Health Care > Vitamins & Supplements","Food supplement","double-helix,omega 3,algae oil,vegan,softgels",FALSE,"Title","Default Title","DH-ALGAE-011",50,"shopify",100,"deny","manual",22.95,TRUE,TRUE,,"Omega-3 Algae Oil | Double Helix","Vegan omega-3 algae oil food supplement. 60 softgels.",DRAFT,"60 vegan softgels",30,"2 softgels","Algae oil (Schizochytrium sp.), softgel shell (modified starch, glycerol, carrageenan), antioxidant (mixed tocopherols).","None declared.","Consult a healthcare professional before use if taking anticoagulant medication or before surgery.","double-helix-omega-3-algae-oil-packshot.png","double-helix-omega-3-algae-oil-lifestyle.png"
daily-probiotic,"Daily Probiotic","<p>Probiotic culture food supplement in capsules.</p><p><strong>Draft daily portion:</strong> one capsule.</p><p>Do not exceed the stated recommended daily dose. Food supplements should not be used as a substitute for a varied, balanced diet and a healthy lifestyle. Keep out of reach of young children.</p>","Double Helix","Health & Beauty > Health Care > Vitamins & Supplements","Food supplement","double-helix,gut health,probiotic,vegan",FALSE,"Title","Default Title","DH-PRO-012",30,"shopify",100,"deny","manual",19.95,TRUE,TRUE,,"Daily Probiotic | Double Helix","Probiotic culture food supplement. 30 capsules.",DRAFT,"30 vegan capsules",30,"1 capsule","Proprietary probiotic culture blend (Lactobacillus and Bifidobacterium species), rice flour, capsule shell (hydroxypropyl methylcellulose), anti-caking agent (magnesium salts of fatty acids).","None declared.","Seek professional advice before use if immunocompromised, pregnant, breastfeeding, or under medical supervision.","double-helix-daily-probiotic-packshot.png","double-helix-daily-probiotic-lifestyle.png"
prebiotic-fibre,"Prebiotic Fibre","<p>Prebiotic fibre food supplement powder.</p><p><strong>Draft daily portion:</strong> one 8 g scoop mixed into a cold drink or food.</p><p>Do not exceed the stated recommended daily dose. Food supplements should not be used as a substitute for a varied, balanced diet and a healthy lifestyle. Keep out of reach of young children.</p>","Double Helix","Health & Beauty > Health Care > Vitamins & Supplements","Food supplement","double-helix,gut health,prebiotic,fibre,vegan",FALSE,"Title","Default Title","DH-FIBRE-013",280,"shopify",100,"deny","manual",15.95,TRUE,TRUE,,"Prebiotic Fibre | Double Helix","Prebiotic fibre food supplement powder. 240 g.",DRAFT,"240 g powder",30,"8 g scoop","Chicory root inulin.","None declared.","Introduce gradually. Excessive consumption may cause digestive discomfort.","double-helix-prebiotic-fibre-packshot.png","double-helix-prebiotic-fibre-lifestyle.png"
marine-collagen,"Marine Collagen","<p>Hydrolysed marine collagen food supplement powder.</p><p><strong>Draft daily portion:</strong> one 8 g scoop mixed into a cold or warm drink.</p><p>Do not exceed the stated recommended daily dose. Food supplements should not be used as a substitute for a varied, balanced diet and a healthy lifestyle. Keep out of reach of young children.</p>","Double Helix","Health & Beauty > Health Care > Vitamins & Supplements","Food supplement","double-helix,collagen,marine collagen,beauty",FALSE,"Title","Default Title","DH-COLL-014",280,"shopify",100,"deny","manual",24.95,TRUE,TRUE,,"Marine Collagen | Double Helix","Hydrolysed marine collagen food supplement powder. 240 g.",DRAFT,"240 g powder",30,"8 g scoop","Hydrolysed marine collagen peptides (FISH).","Contains FISH.","Not suitable for vegetarians or vegans. Consult a healthcare professional before use if pregnant or breastfeeding.","double-helix-marine-collagen-packshot.png","double-helix-marine-collagen-lifestyle.png"
creatine-monohydrate,"Creatine Monohydrate","<p>Creatine monohydrate food supplement powder.</p><p><strong>Draft daily portion:</strong> one 3 g scoop mixed with water or a cold drink.</p><p>Do not exceed the stated recommended daily dose. Food supplements should not be used as a substitute for a varied, balanced diet and a healthy lifestyle. Keep out of reach of young children.</p>","Double Helix","Health & Beauty > Health Care > Vitamins & Supplements","Food supplement","double-helix,performance,creatine,vegan",FALSE,"Title","Default Title","DH-CREA-015",320,"shopify",100,"deny","manual",21.95,TRUE,TRUE,,"Creatine Monohydrate | Double Helix","Creatine monohydrate food supplement powder. 300 g.",DRAFT,"300 g powder",100,"3 g scoop","Creatine monohydrate.","None declared.","For adult use only. Consult a healthcare professional before use if pregnant, breastfeeding, taking medication, or under medical supervision.","double-helix-creatine-monohydrate-packshot.png","double-helix-creatine-monohydrate-lifestyle.png"
whey-protein-vanilla,"Whey Protein Vanilla","<p>Vanilla whey protein food supplement powder.</p><p><strong>Draft daily portion:</strong> one 25 g scoop mixed with 200–300 ml water or milk.</p><p>Do not exceed the stated recommended daily dose. Food supplements should not be used as a substitute for a varied, balanced diet and a healthy lifestyle. Keep out of reach of young children.</p>","Double Helix","Health & Beauty > Health Care > Vitamins & Supplements","Food supplement","double-helix,performance,whey protein,vanilla",FALSE,"Title","Default Title","DH-WHEY-016",800,"shopify",100,"deny","manual",29.95,TRUE,TRUE,,"Whey Protein Vanilla | Double Helix","Vanilla whey protein food supplement powder. 750 g.",DRAFT,"750 g powder",30,"25 g scoop","Whey protein concentrate (MILK), natural flavouring, sunflower lecithin, sweetener (steviol glycosides).","Contains MILK.","Use as part of a varied, balanced diet and healthy lifestyle. Not suitable for individuals with a milk allergy.","double-helix-whey-protein-vanilla-packshot.png","double-helix-whey-protein-vanilla-lifestyle.png"
plant-protein-chocolate,"Plant Protein Chocolate","<p>Chocolate-flavoured plant protein food supplement powder.</p><p><strong>Draft daily portion:</strong> one 25 g scoop mixed with 200–300 ml water or plant-based drink.</p><p>Do not exceed the stated recommended daily dose. Food supplements should not be used as a substitute for a varied, balanced diet and a healthy lifestyle. Keep out of reach of young children.</p>","Double Helix","Health & Beauty > Health Care > Vitamins & Supplements","Food supplement","double-helix,performance,plant protein,chocolate,vegan",FALSE,"Title","Default Title","DH-PLANT-017",800,"shopify",100,"deny","manual",27.95,TRUE,TRUE,,"Plant Protein Chocolate | Double Helix","Chocolate plant protein food supplement powder. 750 g.",DRAFT,"750 g powder",30,"25 g scoop","Pea protein isolate, rice protein, cocoa powder, natural flavouring, sunflower lecithin, sweetener (steviol glycosides).","None declared.","Use as part of a varied, balanced diet and healthy lifestyle.","double-helix-plant-protein-chocolate-packshot.png","double-helix-plant-protein-chocolate-lifestyle.png"
electrolyte-citrus,"Electrolyte Citrus","<p>Citrus electrolyte food supplement powder.</p><p><strong>Draft daily portion:</strong> one 10 g scoop mixed with 500 ml water.</p><p>Do not exceed the stated recommended daily dose. Food supplements should not be used as a substitute for a varied, balanced diet and a healthy lifestyle. Keep out of reach of young children.</p>","Double Helix","Health & Beauty > Health Care > Vitamins & Supplements","Food supplement","double-helix,performance,electrolyte,citrus,vegan",FALSE,"Title","Default Title","DH-ELEC-018",330,"shopify",100,"deny","manual",18.95,TRUE,TRUE,,"Electrolyte Citrus | Double Helix","Citrus electrolyte food supplement powder. 300 g.",DRAFT,"300 g powder",30,"10 g scoop","Coconut water powder, citric acid, sodium citrate, potassium citrate, magnesium citrate, natural citrus flavouring, sweetener (steviol glycosides).","None declared.","For adult use only. Consult a healthcare professional before use if you have kidney disease or follow a potassium-restricted diet.","double-helix-electrolyte-citrus-packshot.png","double-helix-electrolyte-citrus-lifestyle.png"
turmeric-curcumin,"Turmeric Curcumin","<p>Turmeric root extract food supplement in capsules.</p><p><strong>Draft daily portion:</strong> one capsule.</p><p>Do not exceed the stated recommended daily dose. Food supplements should not be used as a substitute for a varied, balanced diet and a healthy lifestyle. Keep out of reach of young children.</p>","Double Helix","Health & Beauty > Health Care > Vitamins & Supplements","Food supplement","double-helix,botanical,turmeric,curcumin,vegan",FALSE,"Title","Default Title","DH-TURM-019",45,"shopify",100,"deny","manual",16.95,TRUE,TRUE,,"Turmeric Curcumin | Double Helix","Turmeric root extract food supplement. 60 capsules.",DRAFT,"60 vegan capsules",60,"1 capsule","Turmeric root extract (Curcuma longa), capsule shell (hydroxypropyl methylcellulose), black pepper extract, rice flour, anti-caking agent (magnesium salts of fatty acids).","None declared.","Not recommended for people with gallbladder disease or those taking anticoagulant medication. Consult a healthcare professional before use if pregnant or breastfeeding.","double-helix-turmeric-curcumin-packshot.png","double-helix-turmeric-curcumin-lifestyle.png"
glucosamine-msm,"Glucosamine + MSM","<p>Glucosamine and MSM food supplement in tablets.</p><p><strong>Draft daily portion:</strong> three tablets.</p><p>Do not exceed the stated recommended daily dose. Food supplements should not be used as a substitute for a varied, balanced diet and a healthy lifestyle. Keep out of reach of young children.</p>","Double Helix","Health & Beauty > Health Care > Vitamins & Supplements","Food supplement","double-helix,targeted,glucosamine,msm",FALSE,"Title","Default Title","DH-JOINT-020",90,"shopify",100,"deny","manual",18.95,TRUE,TRUE,,"Glucosamine + MSM | Double Helix","Glucosamine and MSM food supplement. 90 tablets.",DRAFT,"90 tablets",30,"3 tablets","Glucosamine hydrochloride (CRUSTACEANS), methylsulfonylmethane (MSM), bulking agent (microcrystalline cellulose), anti-caking agents (magnesium salts of fatty acids, silicon dioxide).","Contains CRUSTACEANS.","Not suitable for people with a crustacean allergy. Consult a healthcare professional before use if taking anticoagulant medication, pregnant, or breastfeeding.","double-helix-glucosamine-msm-packshot.png","double-helix-glucosamine-msm-lifestyle.png"
